case,transitions,python_final_p,lana_final_p,parity_error,min_p,max_p,wall_ms,instruction_count
confirming,100,0.9,0.9,0.0,0.5,0.9,,
contradictory,100,0.7666666666666667,0.766666666667,3.33288951992472e-13,0.17999999999999994,0.7666666666666667,,
d_near_negative_one,20,0.09999999999999998,0.1,2.7755575615628914e-17,0.09999999999999998,0.5,,
d_zero,100,0.5,0.5,0.0,0.5,0.5,,
d_near_positive_one,20,0.9,0.9,0.0,0.5,0.9,,
p_near_zero,40,0.001000000000453838,0.00100000000045,3.8378588501641886e-15,0.001000000000453838,0.5,,
p_near_one,40,0.9989999999995463,0.999,4.537481501643015e-13,0.5,0.9989999999995463,,
weak_noise,1000,0.48180181502329045,0.481801815023,2.9043434324194095e-13,0.3985145461471235,0.5825850598555548,,
million_updates,1000000,0.73,0.73,0.0,0.5,0.73,75.330291,5000010
